Platform,Product Name,Date,Rating,Review Text
–õ–µ–Ω—Ç–∞,"–ë–∏–æ–π–æ–≥—É—Ä—Ç –≠–ö–û–ù–ò–í–ê –ö–ª—É–±–Ω–∏–∫–∞, –±–∞–Ω–∞–Ω 2,8%, –±–µ–∑ –∑–º–∂, 125–≥",2025-02-12,2,"–û—á–µ–Ω—å –∂–∏–¥–∫–∏–π, –∫–∞–∫-–±—É–¥—Ç–æ —Ä–∞–∑–±–∞–≤–∏–ª–∏ –≤–æ–¥–æ–π. –ö–∞—á–µ—Å—Ç–≤–æ —É –¥–∞–Ω–Ω–æ–π –º–∞—Ä–∫–∏ —Ö—Ä–æ–º–∞–µ—Ç."
–õ–µ–Ω—Ç–∞,"–ë–∏–æ–π–æ–≥—É—Ä—Ç –≠–ö–û–ù–ò–í–ê –ö–ª—É–±–Ω–∏–∫–∞, –±–∞–Ω–∞–Ω 2,8%, –±–µ–∑ –∑–º–∂, 125–≥",2025-02-05,5,–û—Ç–ª–∏—á–Ω—ã–π.
–õ–µ–Ω—Ç–∞,"–ë–∏–æ–π–æ–≥—É—Ä—Ç –≠–ö–û–ù–ò–í–ê –ö–ª—É–±–Ω–∏–∫–∞, –±–∞–Ω–∞–Ω 2,8%, –±–µ–∑ –∑–º–∂, 125–≥",2025-01-16,5,–û—á–µ–Ω—å –ø–æ–Ω—Ä–∞–≤–∏–ª—Å—è!
–õ–µ–Ω—Ç–∞,"–ë–∏–æ–π–æ–≥—É—Ä—Ç –≠–ö–û–ù–ò–í–ê –ö–ª—É–±–Ω–∏–∫–∞, –±–∞–Ω–∞–Ω 2,8%, –±–µ–∑ –∑–º–∂, 125–≥",2024-12-24,5,–æ—á–µ–Ω—å –Ω—Ä–∞–≤–∏—Ç—Å—è. –Ω–µ–∂–Ω—ã–π –∏ –≤–∫—É—Å–Ω—ã–π –π–æ–≥—É—Ä—Ç. –ª–µ–≥–∫–∏–π –∏ –≤–æ–∑–¥—É—à–Ω—ã–π
–õ–µ–Ω—Ç–∞,"–ë–∏–æ–π–æ–≥—É—Ä—Ç –≠–ö–û–ù–ò–í–ê –ö–ª—É–±–Ω–∏–∫–∞, –±–∞–Ω–∞–Ω 2,8%, –±–µ–∑ –∑–º–∂, 125–≥",2024-12-23,4,—Ö–æ—Ä–æ—à–∏–π
–õ–µ–Ω—Ç–∞,"–ë–∏–æ–π–æ–≥—É—Ä—Ç –≠–ö–û–ù–ò–í–ê –ö–ª—É–±–Ω–∏–∫–∞, –±–∞–Ω–∞–Ω 2,8%, –±–µ–∑ –∑–º–∂, 125–≥",2024-11-28,5,–ù–∞–º –Ω—Ä–∞–≤–∏—Ç—Å—è
–õ–µ–Ω—Ç–∞,"–ë–∏–æ–π–æ–≥—É—Ä—Ç –≠–ö–û–ù–ò–í–ê –ö–ª—É–±–Ω–∏–∫–∞, –±–∞–Ω–∞–Ω 2,8%, –±–µ–∑ –∑–º–∂, 125–≥",2024-11-16,2,–≤–æ–æ–±—â–µ –Ω–µ –≤–∫—É—Å–Ω—ã–π
–õ–µ–Ω—Ç–∞,"–ë–∏–æ–π–æ–≥—É—Ä—Ç –≠–ö–û–ù–ò–í–ê –ö–ª—É–±–Ω–∏–∫–∞, –±–∞–Ω–∞–Ω 2,8%, –±–µ–∑ –∑–º–∂, 125–≥",2024-10-30,5,–û—Ç–ª–∏—á–Ω—ã–π. –í–∫—É—Å–Ω—ã–π.
–õ–µ–Ω—Ç–∞,"–ë–∏–æ–π–æ–≥—É—Ä—Ç –≠–ö–û–ù–ò–í–ê –ö–ª—É–±–Ω–∏–∫–∞, –±–∞–Ω–∞–Ω 2,8%, –±–µ–∑ –∑–º–∂, 125–≥",2024-10-11,5,"—Ö–æ—Ä–æ—à–∏–π,–Ω–µ –∂–∏—Ä–Ω—ã–π –∏ –Ω–µ –∫–∏—Å–ª—ã–π"
–õ–µ–Ω—Ç–∞,"–ë–∏–æ–π–æ–≥—É—Ä—Ç –≠–ö–û–ù–ò–í–ê –ö–ª—É–±–Ω–∏–∫–∞, –±–∞–Ω–∞–Ω 2,8%, –±–µ–∑ –∑–º–∂, 125–≥",2024-10-03,5,"–≤–∫—É—Å–Ω—ã–π –π–æ–≥—É—Ä—Ç. –ø—Ä–µ–∫—Ä–∞—Å–Ω–æ–µ –∫–∞—á–µ—Å—Ç–≤–æ, –¥–æ—Å—Ç–æ–π–Ω—ã–π –≤–∞—Ä–∏–∞–Ω—Ç –¥–ª—è –∑–∞–≤—Ç—Ä–∞–∫–∞üëçü§ó"
–õ–µ–Ω—Ç–∞,"–ë–∏–æ–π–æ–≥—É—Ä—Ç –≠–ö–û–ù–ò–í–ê –ö–ª—É–±–Ω–∏–∫–∞, –±–∞–Ω–∞–Ω 2,8%, –±–µ–∑ –∑–º–∂, 125–≥",2024-08-16,5,—Ö–æ—Ä–æ—à–∏–π
–õ–µ–Ω—Ç–∞,"–ë–∏–æ–π–æ–≥—É—Ä—Ç –≠–ö–û–ù–ò–í–ê –ö–ª—É–±–Ω–∏–∫–∞, –±–∞–Ω–∞–Ω 2,8%, –±–µ–∑ –∑–º–∂, 125–≥",2024-08-08,5,–æ—Ç—á–µ—Ç–ª–∏–≤–æ —á—É–≤—Å—Å–≤—É–µ—Ç—Å—è –∫–ª—É–±–Ω–∏–∫–∞. –≤–∫—É—Å —Å–≤–µ–∂–µ–π –ø—Ä–∏—è—Ç–Ω—ã–π –∏ –Ω–∞—Ç—É—Ä–∞–ª—å–Ω—ã–π. —Å–æ—Å—Ç–∞–≤ –æ—á–µ–Ω—å –ø–æ—Ä–∞–¥–æ–≤–∞–ª –æ—Ç—Å—É—Å—Ç–≤–∏–µ–º –∏–º—É–ª—å–≥–∞—Ç–æ—Ä–æ–≤ –∏ —Ç.–¥. –ø–æ–¥—Å–∞–¥–∏–ª–∞ –Ω–∞ —ç—Ç–∏ –π–æ–≥—É—Ä—Ç—ã –≤—Å—é —Å–µ–º—å—é. —Ö–æ—á—É –ø–æ–ø—Ä–æ–±–æ–≤–∞—Ç—å –∏ –¥—Ä—É–≥–∏–µ –≤–∫—É—Å—ã :)
–õ–µ–Ω—Ç–∞,"–ë–∏–æ–π–æ–≥—É—Ä—Ç –≠–ö–û–ù–ò–í–ê –ö–ª—É–±–Ω–∏–∫–∞, –±–∞–Ω–∞–Ω 2,8%, –±–µ–∑ –∑–º–∂, 125–≥",2024-07-20,5,–≤—Å—è –ø—Ä–æ–¥—É–∫—Ü–∏—è –æ—á–µ–Ω—å –Ω—Ä–∞–≤–∏—Ç—Å—è –∏ –¥–µ—Ç—è–º –∏ –≤–∑—Ä–æ—Å–ª—ã–º! —Å–ø–∞—Å–∏–±–æ –ø—Ä–æ–∏–∑–≤–æ–¥–∏—Ç–µ–ª—é!! –∞ –ª–µ–Ω—Ç–µ-üëç –∑–∞ —Ü–µ–Ω—É
–õ–µ–Ω—Ç–∞,"–ë–∏–æ–π–æ–≥—É—Ä—Ç –≠–ö–û–ù–ò–í–ê –ö–ª—É–±–Ω–∏–∫–∞, –±–∞–Ω–∞–Ω 2,8%, –±–µ–∑ –∑–º–∂, 125–≥",2024-05-23,5,–û—á–µ–Ω—å –≤–∫—É—Å–Ω—ã–µ —Ç–≤–æ—Ä–æ–∂–∫–∏ üßÅ
–õ–µ–Ω—Ç–∞,"–ë–∏–æ–π–æ–≥—É—Ä—Ç –≠–ö–û–ù–ò–í–ê –ö–ª—É–±–Ω–∏–∫–∞, –±–∞–Ω–∞–Ω 2,8%, –±–µ–∑ –∑–º–∂, 125–≥",2024-05-20,5,–û—á–µ–Ω—å –≤–∫—É—Å–Ω—ã–π –π–æ–≥—É—Ä—Ç –±–µ–∑ –∫—É—Å–æ—á–∫–æ–≤.
–õ–µ–Ω—Ç–∞,"–ë–∏–æ–π–æ–≥—É—Ä—Ç –≠–ö–û–ù–ò–í–ê –ö–ª—É–±–Ω–∏–∫–∞, –±–∞–Ω–∞–Ω 2,8%, –±–µ–∑ –∑–º–∂, 125–≥",2024-05-03,5,"–ô–æ–≥—É—Ä—Ç –æ—Ç–ª–∏—á–Ω—ã–π. –û—á–µ–Ω—å –Ω–µ–∂–Ω—ã–π, –≤–∫—É—Å–Ω—ã–π, –≤ –º–µ—Ä—É —Å–ª–∞–¥–∫–∏–π. –†–µ–∫–æ–º–µ–Ω–¥—É—é."
–õ–µ–Ω—Ç–∞,"–ë–∏–æ–π–æ–≥—É—Ä—Ç –≠–ö–û–ù–ò–í–ê –ö–ª—É–±–Ω–∏–∫–∞, –±–∞–Ω–∞–Ω 2,8%, –±–µ–∑ –∑–º–∂, 125–≥",2024-05-03,5,"–í–∫—É—Å–Ω—ã–π –Ω–µ–∂–Ω—ã–π –±–∏–æ–π–æ–≥—É—Ä—Ç. –ò—Å–ø–æ–ª—å–∑—É—é –≤ –∫–∞—á–µ—Å—Ç–≤–µ –ª—ë–≥–∫–æ–≥–æ –±—ã—Å—Ç—Ä–æ–≥–æ –ø–µ—Ä–µ–∫—É—Å–∞ –∏–ª–∏ –Ω–∞ –∑–∞–≤—Ç—Ä–∞–∫.  –¢–∞–∫–∂–µ –Ω—Ä–∞–≤–∏—Ç—Å—è –∫—Ä–∞—Å–∏–≤–æ–µ –æ—Ñ–æ—Ä–º–ª–µ–Ω–∏–µ —É–ø–∞–∫–æ–≤–∫–∏, —É–¥–æ–±–Ω—ã–π —Ñ–æ—Ä–º–∞—Ç."
–õ–µ–Ω—Ç–∞,"–ë–∏–æ–π–æ–≥—É—Ä—Ç –≠–ö–û–ù–ò–í–ê –ö–ª—É–±–Ω–∏–∫–∞, –±–∞–Ω–∞–Ω 2,8%, –±–µ–∑ –∑–º–∂, 125–≥",2024-04-30,5,"–ë–∏–æ–π–æ–≥—É—Ä—Ç –≠–ö–û–ù–ò–í–ê –ö–ª—É–±–Ω–∏–∫–∞, –±–∞–Ω–∞–Ω 2,8%, –±–µ–∑ –∑–º–∂, 125–≥, –†–æ—Å—Å–∏—è, 125 –≥ –û—á–µ–Ω—å –≤–∫—É—Å–Ω—ã–π,  –Ω–µ –ø—Ä–∏—Ç–æ—Ä–Ω–æ —Å–ª–∞–¥–∫–∏–π"
–õ–µ–Ω—Ç–∞,"–ë–∏–æ–π–æ–≥—É—Ä—Ç –≠–ö–û–ù–ò–í–ê –ö–ª—É–±–Ω–∏–∫–∞, –±–∞–Ω–∞–Ω 2,8%, –±–µ–∑ –∑–º–∂, 125–≥",2024-04-30,5,"–ë–∏–æ–π–æ–≥—É—Ä—Ç –≠–ö–û–ù–ò–í–ê –ö–ª—É–±–Ω–∏–∫–∞, –±–∞–Ω–∞–Ω 2,8%, –±–µ–∑ –∑–º–∂, 125–≥, –†–æ—Å—Å–∏—è, 125 –≥ –û—á–µ–Ω—å –≤–∫—É—Å–Ω—ã–π,  –Ω–µ –ø—Ä–∏—Ç–æ—Ä–Ω–æ —Å–ª–∞–¥–∫–∏–π"
–õ–µ–Ω—Ç–∞,"–ë–∏–æ–π–æ–≥—É—Ä—Ç –≠–ö–û–ù–ò–í–ê –ö–ª—É–±–Ω–∏–∫–∞, –±–∞–Ω–∞–Ω 2,8%, –±–µ–∑ –∑–º–∂, 125–≥",2024-04-30,5,"–í–∫—É—Å–Ω—ã–π –π–æ–≥—É—Ä—Ç, –Ω–µ –∂–∏–¥–∫–∏–π, —É–¥–∞—á–Ω–æ–µ —Å–æ—á–µ—Ç–∞–Ω–∏–µ –≤–∫—É—Å–æ–≤, –≤ –º–µ—Ä—É —Å–ª–∞–¥–∫–∏–π, –Ω–µ –ø—Ä–∏—Ç–æ—Ä–Ω—ã–π."
–õ–µ–Ω—Ç–∞,"–ë–∏–æ–π–æ–≥—É—Ä—Ç –≠–ö–û–ù–ò–í–ê –ö–ª—É–±–Ω–∏–∫–∞, –±–∞–Ω–∞–Ω 2,8%, –±–µ–∑ –∑–º–∂, 125–≥",2024-04-30,5,"–û—á–µ–Ω—å —É–¥–∞—á–Ω–æ–µ —Å–æ—á–µ—Ç–∞–Ω–∏–µ —Ñ—Ä—É–∫—Ç–æ–≤, –æ—Ç–ª–∏—á–Ω—ã–π –Ω–∞—Ç—É—Ä–∞–ª—å–Ω—ã–π —Å–æ—Å—Ç–∞–≤"
–õ–µ–Ω—Ç–∞,"–ë–∏–æ–π–æ–≥—É—Ä—Ç –≠–ö–û–ù–ò–í–ê –ö–ª—É–±–Ω–∏–∫–∞, –±–∞–Ω–∞–Ω 2,8%, –±–µ–∑ –∑–º–∂, 125–≥",2024-04-30,4,–í–∫—É—Å–Ω—ã–π –π–æ–≥—É—Ä—Ç. –Ø—Ä–∫–∏–π –≤–∫—É—Å. –ù–æ –≤ –ø–æ—Å–ª–µ–¥–Ω–µ–µ –≤—Ä–µ–º—è –∫–∞–∫–æ–π-—Ç–æ —Å—Ç–≤–æ—Ä–æ–∂–µ–Ω–Ω—ã–π. –†–∞–Ω—å—à–µ —Ç–∞–∫–æ–≥–æ –Ω–µ –±—ã–ª–æ.
–õ–µ–Ω—Ç–∞,"–ë–∏–æ–π–æ–≥—É—Ä—Ç –≠–ö–û–ù–ò–í–ê –ö–ª—É–±–Ω–∏–∫–∞, –±–∞–Ω–∞–Ω 2,8%, –±–µ–∑ –∑–º–∂, 125–≥",2024-04-30,5,"–í–∫—É—Å–Ω—ã–π, –Ω–µ –¥–æ—Ä–æ–≥–æ–π, —Ä–µ–±–µ–Ω–∫—É –Ω—Ä–∞–≤–∏—Ç—Å—è)"
–õ–µ–Ω—Ç–∞,"–ë–∏–æ–π–æ–≥—É—Ä—Ç –≠–ö–û–ù–ò–í–ê –ö–ª—É–±–Ω–∏–∫–∞, –±–∞–Ω–∞–Ω 2,8%, –±–µ–∑ –∑–º–∂, 125–≥",2024-04-28,5,"–í–∫—É—Å–Ω—ã–π, –Ω–µ –¥–æ—Ä–æ–≥–æ–π"
–õ–µ–Ω—Ç–∞,"–ë–∏–æ–π–æ–≥—É—Ä—Ç –≠–ö–û–ù–ò–í–ê –ö–ª—É–±–Ω–∏–∫–∞, –±–∞–Ω–∞–Ω 2,8%, –±–µ–∑ –∑–º–∂, 125–≥",2024-04-28,5,"—Ö–æ—Ä–æ—à–∏–π —Å–æ—Å—Ç–∞–≤. —Å–∞—Ö–∞—Ä–∞ —É–º–µ—Ä–µ–Ω–Ω–æ. –∂–∏–≤–æ–π, —Ö–æ—Ä–æ—à–æ —Å–∫–≤–∞—à–∏–≤–∞–µ—Ç"
–õ–µ–Ω—Ç–∞,"–ë–∏–æ–π–æ–≥—É—Ä—Ç –≠–ö–û–ù–ò–í–ê –ö–ª—É–±–Ω–∏–∫–∞, –±–∞–Ω–∞–Ω 2,8%, –±–µ–∑ –∑–º–∂, 125–≥",2024-04-28,5,–ö–∞—á–µ—Å—Ç–≤–µ–Ω–Ω—ã–π –∏ –ª–µ–≥–∫–∏–π –ø—Ä–æ–¥—É–∫—Ç –¥–ª—è –ø–µ—Ä–µ–∫—É—Å–∞! –•–æ—Ä–æ—à–∏–π —Å–æ—Å—Ç–∞–≤ –∏ –∫–æ–Ω—Å–∏—Å—Ç–µ–Ω—Ü–∏—è! –ü—Ä–∏—è—Ç–Ω—ã–π –≤–∫—É—Å –∫–ª—É–±–Ω–∏–∫–∏ –∏ –±–∞–Ω–∞–Ω–∞!
–õ–µ–Ω—Ç–∞,"–ë–∏–æ–π–æ–≥—É—Ä—Ç –≠–ö–û–ù–ò–í–ê –ö–ª—É–±–Ω–∏–∫–∞, –±–∞–Ω–∞–Ω 2,8%, –±–µ–∑ –∑–º–∂, 125–≥",2024-04-28,5,–°–ª–∞–¥–∫–∏–π –≤–∫—É—Å–Ω—ã–π –π–æ–≥—É—Ä—Ç –¥–ª—è –ø–æ–≤—Å–µ–¥–Ω–µ–≤–Ω–æ–≥–æ –ø–∏—Ç–∞–Ω–∏—è
–õ–µ–Ω—Ç–∞,"–ë–∏–æ–π–æ–≥—É—Ä—Ç –≠–ö–û–ù–ò–í–ê –ö–ª—É–±–Ω–∏–∫–∞, –±–∞–Ω–∞–Ω 2,8%, –±–µ–∑ –∑–º–∂, 125–≥",2024-04-28,5,"–ô–æ–≥—É—Ä—Ç –æ—á–µ–Ω—å –≤–∫—É—Å–Ω—ã–π, –æ—á–µ–Ω—å –Ω—Ä–∞–≤–∏—Ç—Å—è, –±–µ—Ä—É –µ–≥–æ –ø–æ—Å—Ç–æ—è–Ω–Ω–æ, –æ–Ω –Ω–µ–∑–∞–±—ã–≤–∞–µ–º—ã–π"
–õ–µ–Ω—Ç–∞,"–ë–∏–æ–π–æ–≥—É—Ä—Ç –≠–ö–û–ù–ò–í–ê –ö–ª—É–±–Ω–∏–∫–∞, –±–∞–Ω–∞–Ω 2,8%, –±–µ–∑ –∑–º–∂, 125–≥",2024-04-27,5,"–ù–µ–∂–Ω—ã–π, –º—è–≥–∫–∏–π –π–æ–≥—É—Ä—Ç. –•–æ—Ä–æ—à–∞—è —Ü–µ–Ω–∞"
–õ–µ–Ω—Ç–∞,"–ë–∏–æ–π–æ–≥—É—Ä—Ç –≠–ö–û–ù–ò–í–ê –ö–ª—É–±–Ω–∏–∫–∞, –±–∞–Ω–∞–Ω 2,8%, –±–µ–∑ –∑–º–∂, 125–≥",2024-04-27,5,"–ò–¥–µ–∞–ª—å–Ω—ã–π –π–æ–≥—É—Ä—Ç! –ì–∞—Ä–º–æ–Ω–∏—è –≤–∫—É—Å–æ–≤-–∫–ª—É–±–Ω–∏–∫–∞ –∏ –±–∞–Ω–∞–Ω! –ö–∞–∫ –∏ –≤—Å–µ –π–æ–≥—É—Ä—Ç—ã —ç—Ç–æ–≥–æ –ø—Ä–æ–∏–∑–≤–æ–¥–∏—Ç–µ–ª—è –∂–∏–¥–µ–Ω—å–∫–∏–π, –Ω–æ –≤–∫—É—Å –æ–±–∞–ª–¥–µ–Ω–Ω—ã–π!"
–õ–µ–Ω—Ç–∞,"–ë–∏–æ–π–æ–≥—É—Ä—Ç –≠–ö–û–ù–ò–í–ê –ö–ª—É–±–Ω–∏–∫–∞, –±–∞–Ω–∞–Ω 2,8%, –±–µ–∑ –∑–º–∂, 125–≥",2024-04-26,5,"–û—Ç–ª–∏—á–Ω–æ–µ —Å–æ—á–µ—Ç–∞–Ω–∏–µ –≤–∫—É—Å–æ–≤-–∫–ª—É–±–Ω–∏–∫–∞ –∏ –±–∞–Ω–∞–Ω! –î–µ—Ç–∏ –æ—á–µ–Ω—å –ª—é–±—è—Ç –µ–≥–æ! –°–ª–µ–≥–∫–∞ –∂–∏–¥–∫–æ–≤–∞—Ç, –Ω–æ –æ—á–µ–Ω—å —Å—ã—Ç–Ω—ã–π!"
–õ–µ–Ω—Ç–∞,"–ë–∏–æ–π–æ–≥—É—Ä—Ç –≠–ö–û–ù–ò–í–ê –ö–ª—É–±–Ω–∏–∫–∞, –±–∞–Ω–∞–Ω 2,8%, –±–µ–∑ –∑–º–∂, 125–≥",2024-04-26,5,"–î–æ—Å—Ç–æ–π–Ω—ã–π –π–æ–≥—É—Ä—Ç, –ª—É—á—à–∏–π —Å—Ä–µ–¥–∏ –∫–æ–Ω–∫—É—Ä–µ–Ω—Ç–æ–≤"
–õ–µ–Ω—Ç–∞,"–ë–∏–æ–π–æ–≥—É—Ä—Ç –≠–ö–û–ù–ò–í–ê –ö–ª—É–±–Ω–∏–∫–∞, –±–∞–Ω–∞–Ω 2,8%, –±–µ–∑ –∑–º–∂, 125–≥",2024-04-26,5,–•–æ—Ä–æ—à–∏–π –π–æ–≥—É—Ä—Ç! –û—Ç–ª–∏—á–Ω–æ–µ —Ä–µ—à–µ–Ω–∏–µ –¥–ª—è –∑–∞–≤—Ç—Ä–∞–∫–∞
–õ–µ–Ω—Ç–∞,"–ë–∏–æ–π–æ–≥—É—Ä—Ç –≠–ö–û–ù–ò–í–ê –ö–ª—É–±–Ω–∏–∫–∞, –±–∞–Ω–∞–Ω 2,8%, –±–µ–∑ –∑–º–∂, 125–≥",2024-04-26,5,–•–æ—Ä–æ—à–∏–π –π–æ–≥—É—Ä—Ç. –í–∫—É—Å–Ω—ã–π. –ü–æ–∫—É–ø–∫–æ–π –¥–æ–≤–æ–ª–µ–Ω.
–õ–µ–Ω—Ç–∞,"–ë–∏–æ–π–æ–≥—É—Ä—Ç –≠–ö–û–ù–ò–í–ê –ö–ª—É–±–Ω–∏–∫–∞, –±–∞–Ω–∞–Ω 2,8%, –±–µ–∑ –∑–º–∂, 125–≥",2024-04-26,5,–û—á–µ–Ω—å –≤–∫—É—Å–Ω—ã–π –π–æ–≥—É—Ä—Ç —Å –Ω–∞—Ç—É—Ä–∞–ª—å–Ω—ã–º —Å–æ—Å—Ç–∞–≤–æ–º –∏ –ø—Ä–∏—è—Ç–Ω–æ–π –∫–æ–Ω—Å–∏—Å—Ç–µ–Ω—Ü–∏–µ–π. –ë—É–¥–µ–º –±—Ä–∞—Ç—å –µ—â—ë.
–õ–µ–Ω—Ç–∞,"–ë–∏–æ–π–æ–≥—É—Ä—Ç –≠–ö–û–ù–ò–í–ê –ö–ª—É–±–Ω–∏–∫–∞, –±–∞–Ω–∞–Ω 2,8%, –±–µ–∑ –∑–º–∂, 125–≥",2024-04-25,5,–Ω–µ–∂–Ω—ã–π –∏ –∞—Ä–æ–º–∞—Ç–Ω—ã–π –π–æ–≥—É—Ä—Ç
–õ–µ–Ω—Ç–∞,"–ë–∏–æ–π–æ–≥—É—Ä—Ç –≠–ö–û–ù–ò–í–ê –ö–ª—É–±–Ω–∏–∫–∞, –±–∞–Ω–∞–Ω 2,8%, –±–µ–∑ –∑–º–∂, 125–≥",2024-04-25,5,"–ë–µ—Ä—É –≤–Ω—É–∫–∞–º —ç—Ç–æ—Ç –π–æ–≥—É—Ä—Ç, –∏–º –æ—á–µ–Ω—å –Ω—Ä–∞–≤–∏—Ç—Å—è.–•–æ—Ä–æ—à–∏–π —Å–æ—Å—Ç–∞–≤.–°–æ–≤–µ—Ç—É—é –∫ –ø–æ–∫—É–ø–∫–µ."
–õ–µ–Ω—Ç–∞,"–ë–∏–æ–π–æ–≥—É—Ä—Ç –≠–ö–û–ù–ò–í–ê –ö–ª—É–±–Ω–∏–∫–∞, –±–∞–Ω–∞–Ω 2,8%, –±–µ–∑ –∑–º–∂, 125–≥",2024-04-24,5,"–•–æ—Ä–æ—à–∏–π, –≤–∫—É—Å–Ω—ã–π –π–æ–≥—É—Ä—Ç"
–õ–µ–Ω—Ç–∞,"–ë–∏–æ–π–æ–≥—É—Ä—Ç –≠–ö–û–ù–ò–í–ê –ö–ª—É–±–Ω–∏–∫–∞, –±–∞–Ω–∞–Ω 2,8%, –±–µ–∑ –∑–º–∂, 125–≥",2024-04-21,5,"–û—Ç–ª–∏—á–Ω—ã–π –π–æ–≥—É—Ä—Ç, –≤–∫—É—Å–Ω—ã–π - —Ä–µ–∫–æ–º–µ–Ω–¥—É—é!"
–õ–µ–Ω—Ç–∞,"–ë–∏–æ–π–æ–≥—É—Ä—Ç –≠–ö–û–ù–ò–í–ê –ö–ª—É–±–Ω–∏–∫–∞, –±–∞–Ω–∞–Ω 2,8%, –±–µ–∑ –∑–º–∂, 125–≥",2024-04-20,5,"—Ö–æ—Ä–æ—à–∏–π –π–æ–≥—É—Ä—Ç, –≤ –º–µ—Ä—É –∂–∏—Ä–Ω—ã–π –∏ –Ω–∞—Å—ã—â–µ–Ω–Ω—ã–π –ø—Ä–∏ —ç—Ç–æ–º"
–õ–µ–Ω—Ç–∞,"–ë–∏–æ–π–æ–≥—É—Ä—Ç –≠–ö–û–ù–ò–í–ê –ö–ª—É–±–Ω–∏–∫–∞, –±–∞–Ω–∞–Ω 2,8%, –±–µ–∑ –∑–º–∂, 125–≥",2024-04-20,5,"–æ—á–µ–Ω—å –≤–∫—É—Å–Ω—ã–π, –Ω–∞—Ç—É—Ä–∞–ª—å–Ω—ã–π —Å–æ—Å—Ç–∞–≤, –ø—Ä–∏—è—Ç–Ω–∞—è —Ü–µ–Ω–∞"
–õ–µ–Ω—Ç–∞,"–ë–∏–æ–π–æ–≥—É—Ä—Ç –≠–ö–û–ù–ò–í–ê –ö–ª—É–±–Ω–∏–∫–∞, –±–∞–Ω–∞–Ω 2,8%, –±–µ–∑ –∑–º–∂, 125–≥",2024-04-19,4,–æ—Ç–Ω–æ—Å–∏—Ç–µ–ª—å–Ω–æ —Ü–µ–Ω—ã –∏ –∫–∞—á–µ—Å—Ç–≤–æ. –±–µ—Ä—ë–º –∏–Ω–æ–≥–¥–∞
–õ–µ–Ω—Ç–∞,"–ë–∏–æ–π–æ–≥—É—Ä—Ç –≠–ö–û–ù–ò–í–ê –ö–ª—É–±–Ω–∏–∫–∞, –±–∞–Ω–∞–Ω 2,8%, –±–µ–∑ –∑–º–∂, 125–≥",2024-04-18,5,"–ù–µ–ø–ª–æ—Ö–æ–π –π–æ–≥—É—Ä—Ç, –º–æ–∂–Ω–æ —Ä–∞–∑–±–∞–≤–∏—Ç—å —Å –Ω–∞—Ç—É—Ä–∞–ª—å–Ω—ã–º, —á—Ç–æ–±—ã –±—ã–ª –Ω–µ —Ç–∞–∫–∏–º —Å–ª–∞–¥–∫–∏–º)"
–õ–µ–Ω—Ç–∞,"–ë–∏–æ–π–æ–≥—É—Ä—Ç –≠–ö–û–ù–ò–í–ê –ö–ª—É–±–Ω–∏–∫–∞, –±–∞–Ω–∞–Ω 2,8%, –±–µ–∑ –∑–º–∂, 125–≥",2024-04-17,5,"–í–∫—É—Å–Ω—ã–π , –±–µ—Ä—É –¥–µ—Ç—è–º , –∫—É—à–∞—é—Ç —Ö–æ—Ä–æ—à–æ"
–õ–µ–Ω—Ç–∞,"–ë–∏–æ–π–æ–≥—É—Ä—Ç –≠–ö–û–ù–ò–í–ê –ö–ª—É–±–Ω–∏–∫–∞, –±–∞–Ω–∞–Ω 2,8%, –±–µ–∑ –∑–º–∂, 125–≥",2024-04-17,5,"–∫–æ–Ω—Å–∏—Å—Ç–µ–Ω—Ü–∏—è –ø—Ä–∏—è—Ç–Ω–∞—è,–≤–∫—É—Å –Ω–∞—Ç—É—Ä–∞–ª—å–Ω—ã–π,–º–æ–∂–Ω–æ —Ä–µ–∫–æ–º–µ–Ω–¥–æ–≤–∞—Ç—å –∫ –ø–æ–∫—É–ø–∫–µ. –†–∞–∑–º–µ—Ä —É–ø–∞–∫–æ–≤–∫–∏ –±—ã –ø–æ–±–æ–ª—å—à–µ!"
–õ–µ–Ω—Ç–∞,"–ë–∏–æ–π–æ–≥—É—Ä—Ç –≠–ö–û–ù–ò–í–ê –ö–ª—É–±–Ω–∏–∫–∞, –±–∞–Ω–∞–Ω 2,8%, –±–µ–∑ –∑–º–∂, 125–≥",2024-04-15,5,"–æ—á–µ–Ω—å —Ö–æ—Ä–æ—à–∏–π —Å–æ—Å—Ç–∞–≤, –≤–∫—É—Å–Ω—ã–π, —è –¥–æ–≤–æ–ª–µ–Ω"
–õ–µ–Ω—Ç–∞,"–ë–∏–æ–π–æ–≥—É—Ä—Ç –≠–ö–û–ù–ò–í–ê –ö–ª—É–±–Ω–∏–∫–∞, –±–∞–Ω–∞–Ω 2,8%, –±–µ–∑ –∑–º–∂, 125–≥",2024-04-15,5,"–≤–∫—É—Å –æ—Ç–ª–∏—á–Ω—ã–π, –Ω–µ —Å–∏–ª—å–Ω–æ —Å–ª–∞–¥–∫–∏–π, –∑–∞ —Å–≤–æ—é —Ü–µ–Ω—É –ø—Ä–æ—Å—Ç–æ —Å—É–ø–µ—Ä) —Ä–µ–∫–æ–º–µ–Ω–¥—É—é!"
–õ–µ–Ω—Ç–∞,"–ë–∏–æ–π–æ–≥—É—Ä—Ç –≠–ö–û–ù–ò–í–ê –ö–ª—É–±–Ω–∏–∫–∞, –±–∞–Ω–∞–Ω 2,8%, –±–µ–∑ –∑–º–∂, 125–≥",2024-04-10,3,–≤–∫—É—Å –∏ –∫–æ–Ω—Å–∏—Å—Ç–µ–Ω—Ü–∏–∏ –Ω–µ –ø–æ–Ω—Ä–∞–≤–∏–ª–∏—Å—å
–õ–µ–Ω—Ç–∞,"–ë–∏–æ–π–æ–≥—É—Ä—Ç –≠–ö–û–ù–ò–í–ê –ö–ª—É–±–Ω–∏–∫–∞, –±–∞–Ω–∞–Ω 2,8%, –±–µ–∑ –∑–º–∂, 125–≥",2024-04-07,5,–í–∫—É—Å–Ω—ã–π –π–æ–≥—É—Ä—Ç –ø–æ –ø—Ä–∏–µ–º–ª–µ–º–æ–π —Ü–µ–Ω–µ ! –•–æ—Ä–æ—à–∏–π —Å–æ—Å—Ç–∞–≤
–õ–µ–Ω—Ç–∞,"–ë–∏–æ–π–æ–≥—É—Ä—Ç –≠–ö–û–ù–ò–í–ê –ö–ª—É–±–Ω–∏–∫–∞, –±–∞–Ω–∞–Ω 2,8%, –±–µ–∑ –∑–º–∂, 125–≥",2024-04-07,5,–æ—á–µ–Ω—å –≤–∫—É—Å–Ω–æ
–õ–µ–Ω—Ç–∞,"–ë–∏–æ–π–æ–≥—É—Ä—Ç –≠–ö–û–ù–ò–í–ê –ö–ª—É–±–Ω–∏–∫–∞, –±–∞–Ω–∞–Ω 2,8%, –±–µ–∑ –∑–º–∂, 125–≥",2024-04-06,5,"–û—Ç–ª–∏—á–Ω—ã–π –π–æ–≥—É—Ä—Ç —Å –Ω–∞—Ç—É—Ä–∞–ª—å–Ω—ã–º —Å–æ—Å—Ç–∞–≤–æ–º. –ù–µ–ø—Ä–∏—Ç–æ—Ä–Ω—ã–π. –ö–æ–Ω–µ—á–Ω–æ, —Ö–æ—Ç–µ–ª–æ—Å—å –±—ã –±–µ–∑ —Å–∞—Ö–∞—Ä–∞, –Ω–æ —É–≤—ã."
–õ–µ–Ω—Ç–∞,"–ë–∏–æ–π–æ–≥—É—Ä—Ç –≠–ö–û–ù–ò–í–ê –ö–ª—É–±–Ω–∏–∫–∞, –±–∞–Ω–∞–Ω 2,8%, –±–µ–∑ –∑–º–∂, 125–≥",2024-04-06,5,"–Ω–∞—Ç—É—Ä–∞–ª—å–Ω—ã–π –≤–∫—É—Å, –ø—Ä–∏—è—Ç–Ω–∞—è –∫–æ–Ω—Å–∏—Å—Ç–µ–Ω—Ü–∏—è , –Ω–µ –≥—É—Å—Ç–æ–π , —Ç.–∫ –±–µ–∑ –∑–∞–≥—É—Å—Ç–∏—Ç–µ–ª–µ–π?"
–õ–µ–Ω—Ç–∞,"–ë–∏–æ–π–æ–≥—É—Ä—Ç –≠–ö–û–ù–ò–í–ê –ö–ª—É–±–Ω–∏–∫–∞, –±–∞–Ω–∞–Ω 2,8%, –±–µ–∑ –∑–º–∂, 125–≥",2024-04-06,5,–≤–∫—É—Å–Ω—ã–π –π–æ–≥—É—Ä—Ç. —Ü–µ–Ω–∞=–∫–∞—á–µ—Å—Ç–≤–æ —Å–æ–æ—Ç–≤–µ—Ç—Å—Ç–≤—É–µ—Ç)))
–õ–µ–Ω—Ç–∞,"–ë–∏–æ–π–æ–≥—É—Ä—Ç –≠–ö–û–ù–ò–í–ê –ö–ª—É–±–Ω–∏–∫–∞, –±–∞–Ω–∞–Ω 2,8%, –±–µ–∑ –∑–º–∂, 125–≥",2024-04-05,5,"–Ω–∞—Ç—É—Ä–∞–ª—å–Ω—ã–π, –≤–∫—É—Å–Ω—ã–π, —Ä–µ–∫–æ–º–µ–Ω–¥—É—é –∫ –ø–æ–∫—É–ø–∫–µ"
–õ–µ–Ω—Ç–∞,"–ë–∏–æ–π–æ–≥—É—Ä—Ç –≠–ö–û–ù–ò–í–ê –ö–ª—É–±–Ω–∏–∫–∞, –±–∞–Ω–∞–Ω 2,8%, –±–µ–∑ –∑–º–∂, 125–≥",2024-04-05,5,–í–∫—É—Å–Ω—ã–π –∏ –Ω–µ–∂–Ω—ã–π –π–æ–≥—É—Ä—Ç
–õ–µ–Ω—Ç–∞,"–ë–∏–æ–π–æ–≥—É—Ä—Ç –≠–ö–û–ù–ò–í–ê –ö–ª—É–±–Ω–∏–∫–∞, –±–∞–Ω–∞–Ω 2,8%, –±–µ–∑ –∑–º–∂, 125–≥",2024-04-05,5,"–≤–∫—É—Å–Ω—ã–π, –Ω–µ —Å–ª–∏—à–∫–æ–º —Å–ª–∞–¥–∫–∏–π, –Ω–µ –æ—á–µ–Ω—å –≥—É—Å—Ç–æ–π, –ø–æ–Ω—Ä–∞–≤–∏–ª—Å—è"
–õ–µ–Ω—Ç–∞,"–ë–∏–æ–π–æ–≥—É—Ä—Ç –≠–ö–û–ù–ò–í–ê –ö–ª—É–±–Ω–∏–∫–∞, –±–∞–Ω–∞–Ω 2,8%, –±–µ–∑ –∑–º–∂, 125–≥",2024-04-04,5,"–°–∞–º—ã–π –≤–∫—É—Å–Ω—ã–π –π–æ–≥—É—Ä—Ç!–°—ã—Ç–Ω—ã–π,–≤ –º–µ—Ä—É —Å–ª–∞–¥–∫–∏–π.–ù–∞ –∑–∞–≤—Ç—Ä–∞–∫ –æ—Ç–ª–∏—á–Ω–æ –ø–æ–¥—Ö–æ–¥–∏—Ç."
–õ–µ–Ω—Ç–∞,"–ë–∏–æ–π–æ–≥—É—Ä—Ç –≠–ö–û–ù–ò–í–ê –ö–ª—É–±–Ω–∏–∫–∞, –±–∞–Ω–∞–Ω 2,8%, –±–µ–∑ –∑–º–∂, 125–≥",2024-04-04,5,"–ø–æ–ø–∞–ª–∏ –Ω–∞ –¥–µ–≥—É—Å—Ç–∞—Ü–∏—é –≤ –º–∞–≥–∞–∑–∏–Ω–µ, –ø–æ–Ω—Ä–∞–≤–∏–ª–æ—Å—å, —Å—Ç–∞–ª–∏ –ø–æ–∫—É–ø–∞—Ç—å"
–õ–µ–Ω—Ç–∞,"–ë–∏–æ–π–æ–≥—É—Ä—Ç –≠–ö–û–ù–ò–í–ê –ö–ª—É–±–Ω–∏–∫–∞, –±–∞–Ω–∞–Ω 2,8%, –±–µ–∑ –∑–º–∂, 125–≥",2024-03-31,5,—Å –∫—É—Å–æ—á–∫–∞–º–∏ —Ñ—Ä—É–∫—Ç–æ–≤
–õ–µ–Ω—Ç–∞,"–ë–∏–æ–π–æ–≥—É—Ä—Ç –≠–ö–û–ù–ò–í–ê –ö–ª—É–±–Ω–∏–∫–∞, –±–∞–Ω–∞–Ω 2,8%, –±–µ–∑ –∑–º–∂, 125–≥",2024-03-24,5,—Å –∫—É—Å–æ—á–∫–∞–º–∏ —Ñ—Ä—É–∫—Ç–æ–≤
–õ–µ–Ω—Ç–∞,"–ë–∏–æ–π–æ–≥—É—Ä—Ç –≠–ö–û–ù–ò–í–ê –ö–ª—É–±–Ω–∏–∫–∞, –±–∞–Ω–∞–Ω 2,8%, –±–µ–∑ –∑–º–∂, 125–≥",2024-03-16,5,
–õ–µ–Ω—Ç–∞,"–ë–∏–æ–π–æ–≥—É—Ä—Ç –≠–ö–û–ù–ò–í–ê –ö–ª—É–±–Ω–∏–∫–∞, –±–∞–Ω–∞–Ω 2,8%, –±–µ–∑ –∑–º–∂, 125–≥",2024-03-16,5,–û—á–µ–Ω—å –≤–∫—É—Å–Ω—ã–µ —Ç–≤–æ—Ä–æ–∂–∫–∏
–õ–µ–Ω—Ç–∞,"–ë–∏–æ–π–æ–≥—É—Ä—Ç –≠–ö–û–ù–ò–í–ê –ö–ª—É–±–Ω–∏–∫–∞, –±–∞–Ω–∞–Ω 2,8%, –±–µ–∑ –∑–º–∂, 125–≥",2024-03-02,5,"–ü—Ä–µ–∫—Ä–∞—Å–Ω—ã–π –π–æ–≥—É—Ä—Ç, –æ—á–µ–Ω—å –≤–∫—É—Å–Ω—ã–π."
–õ–µ–Ω—Ç–∞,"–ë–∏–æ–π–æ–≥—É—Ä—Ç –≠–ö–û–ù–ò–í–ê –ö–ª—É–±–Ω–∏–∫–∞, –±–∞–Ω–∞–Ω 2,8%, –±–µ–∑ –∑–º–∂, 125–≥",2024-03-02,5,"–ü—Ä–µ–∫—Ä–∞—Å–Ω—ã–π –π–æ–≥—É—Ä—Ç, –æ—á–µ–Ω—å –≤–∫—É—Å–Ω—ã–π."
–õ–µ–Ω—Ç–∞,"–ë–∏–æ–π–æ–≥—É—Ä—Ç –≠–ö–û–ù–ò–í–ê –ö–ª—É–±–Ω–∏–∫–∞, –±–∞–Ω–∞–Ω 2,8%, –±–µ–∑ –∑–º–∂, 125–≥",2024-02-21,5,–í–∫—É—Å–Ω—ã–π.–†–µ–±—ë–Ω–æ–∫ –µ—Å—Ç—å —Å —É–¥–æ–≤–æ–ª—å—Å—Ç–≤–∏–µ–º.
–õ–µ–Ω—Ç–∞,"–ë–∏–æ–π–æ–≥—É—Ä—Ç –≠–ö–û–ù–ò–í–ê –ö–ª—É–±–Ω–∏–∫–∞, –±–∞–Ω–∞–Ω 2,8%, –±–µ–∑ –∑–º–∂, 125–≥",2024-01-12,5,–í–∫—É—Å–Ω—ã–π  –ü–æ –∞–∫—Ü–∏–∏ —Ü–µ–Ω–∞ –ø—Ä–∏—è—Ç–Ω–∞—è
–õ–µ–Ω—Ç–∞,"–ë–∏–æ–π–æ–≥—É—Ä—Ç –≠–ö–û–ù–ò–í–ê –ö–ª—É–±–Ω–∏–∫–∞, –±–∞–Ω–∞–Ω 2,8%, –±–µ–∑ –∑–º–∂, 125–≥",2024-01-04,5,–≤–∫—É—Å–Ω—ã–π –π–æ–≥—É—Ä—Ç 2.8 –ø—Ä–æ—Ü–µ–Ω—Ç–∞. –° –∫—É—Å–æ—á–∫–∞–º–∏ —Ñ—Ä—É–∫—Ç–æ–≤.
–õ–µ–Ω—Ç–∞,"–ë–∏–æ–π–æ–≥—É—Ä—Ç –≠–ö–û–ù–ò–í–ê –ö–ª—É–±–Ω–∏–∫–∞, –±–∞–Ω–∞–Ω 2,8%, –±–µ–∑ –∑–º–∂, 125–≥",2023-12-31,2,"–π–æ–≥—É—Ä—Ç –æ—á–µ–Ω—å –∂–∏–¥–∫–∏–π, –Ω–µ–æ–¥–Ω–æ—Ä–æ–¥–Ω—ã–π, —Å –∫–∞–∫–∏–º–∏-—Ç–æ –Ω–µ–ø—Ä–∏—è—Ç–Ω—ã–º–∏ –≤–∫–ª—é—á–µ–Ω–∏—è–º–∏, –µ—Å—Ç—å –Ω–µ —Å–º–æ–≥–ª–∞"
–õ–µ–Ω—Ç–∞,"–ë–∏–æ–π–æ–≥—É—Ä—Ç –≠–ö–û–ù–ò–í–ê –ö–ª—É–±–Ω–∏–∫–∞, –±–∞–Ω–∞–Ω 2,8%, –±–µ–∑ –∑–º–∂, 125–≥",2023-11-10,5,–≤–∫—É—Å–Ω—ã–π
–õ–µ–Ω—Ç–∞,"–ë–∏–æ–π–æ–≥—É—Ä—Ç –≠–ö–û–ù–ò–í–ê –ö–ª—É–±–Ω–∏–∫–∞, –±–∞–Ω–∞–Ω 2,8%, –±–µ–∑ –∑–º–∂, 125–≥",2023-10-02,5,–í–∫—É—Å –Ω—Ä–∞–≤–∏—Ç—Å—è
–õ–µ–Ω—Ç–∞,"–ë–∏–æ–π–æ–≥—É—Ä—Ç –≠–ö–û–ù–ò–í–ê –ö–ª—É–±–Ω–∏–∫–∞, –±–∞–Ω–∞–Ω 2,8%, –±–µ–∑ –∑–º–∂, 125–≥",2023-09-25,5,—Ö–æ—Ä–æ—à–∏–π
–õ–µ–Ω—Ç–∞,"–ë–∏–æ–π–æ–≥—É—Ä—Ç –≠–ö–û–ù–ò–í–ê –ö–ª—É–±–Ω–∏–∫–∞, –±–∞–Ω–∞–Ω 2,8%, –±–µ–∑ –∑–º–∂, 125–≥",2023-09-19,5,"–õ–µ–≥–∫–∏–π, –ø—Ä–∏—è—Ç–Ω—ã–π –ø—Ä–æ–¥—É–∫—Ç"
–õ–µ–Ω—Ç–∞,"–ë–∏–æ–π–æ–≥—É—Ä—Ç –≠–ö–û–ù–ò–í–ê –ö–ª—É–±–Ω–∏–∫–∞, –±–∞–Ω–∞–Ω 2,8%, –±–µ–∑ –∑–º–∂, 125–≥",2023-09-12,5,"–ñ–∏—Ä–Ω–æ—Å—Ç—å –º–∞–ª–µ–Ω—å–∫–∞—è, —Å–∞—Ö–∞—Ä–∞ –º–∞–ª–æ, –Ω–æ –≤—Å–µ —Ä–∞–≤–Ω–æ —Å–ª–∞–¥–∫–∏–π –∏ –≤–∫—É—Å–Ω—ã–π. –†–µ–∫–æ–º–µ–Ω–¥—É—é."
–õ–µ–Ω—Ç–∞,"–ë–∏–æ–π–æ–≥—É—Ä—Ç –≠–ö–û–ù–ò–í–ê –ö–ª—É–±–Ω–∏–∫–∞, –±–∞–Ω–∞–Ω 2,8%, –±–µ–∑ –∑–º–∂, 125–≥",2023-08-19,5,–í–∫—É—Å–Ω–æ
–õ–µ–Ω—Ç–∞,"–ë–∏–æ–π–æ–≥—É—Ä—Ç –≠–ö–û–ù–ò–í–ê –ö–ª—É–±–Ω–∏–∫–∞, –±–∞–Ω–∞–Ω 2,8%, –±–µ–∑ –∑–º–∂, 125–≥",2023-08-14,5,"–í–∫—É—Å–Ω—ã–π –π–æ–≥—É—Ä—Ç,–Ω–æ –∂–∏–¥–∫–∏–π"
–õ–µ–Ω—Ç–∞,"–ë–∏–æ–π–æ–≥—É—Ä—Ç –≠–ö–û–ù–ò–í–ê –ö–ª—É–±–Ω–∏–∫–∞, –±–∞–Ω–∞–Ω 2,8%, –±–µ–∑ –∑–º–∂, 125–≥",2023-06-19,5,"–ü—Ä–∞–∫—Ç–∏—á–µ—Å–∫–∏ –≤—Å—é –º–æ–ª–æ—á–∫—É –ø–æ–∫—É–ø–∞—é —ç—Ç–æ–π —Ñ–∏—Ä–º—ã, –π–æ–≥—É—Ä—Ç –≤ –Ω–∞—à–µ–º –º–∞–≥–∞–∑–∏–Ω–µ –ø–æ—è–≤–∏–ª—Å—è –Ω–µ–¥–∞–≤–Ω–æ, –≤–∫—É—Å –∑–∞–º–µ—á–∞—Ç–µ–ª—å–Ω—ã–π, –≤ –º–µ—Ä—É —Å–ª–∞–¥–∫–∏–π, –Ω–∞–ø–æ–ª–Ω–∏—Ç–µ–ª—è –¥–æ—Å—Ç–∞—Ç–æ—á–Ω–æ. –ë—É–¥–µ–º –±—Ä–∞—Ç—å. –¢–æ–ª—å–∫–æ –±—ã –Ω–µ –∏—Å–ø–æ—Ä—Ç–∏–ª–∏ –ø—Ä–æ–¥—É–∫—Ç—ã."
–õ–µ–Ω—Ç–∞,"–ë–∏–æ–π–æ–≥—É—Ä—Ç –≠–ö–û–ù–ò–í–ê –ö–ª—É–±–Ω–∏–∫–∞, –±–∞–Ω–∞–Ω 2,8%, –±–µ–∑ –∑–º–∂, 125–≥",2023-06-18,5,–í–∫—É—Å–Ω—ã–π –π–æ–≥—É—Ä—Ç!
–õ–µ–Ω—Ç–∞,"–ë–∏–æ–π–æ–≥—É—Ä—Ç –≠–ö–û–ù–ò–í–ê –ö–ª—É–±–Ω–∏–∫–∞, –±–∞–Ω–∞–Ω 2,8%, –±–µ–∑ –∑–º–∂, 125–≥",2023-06-02,3,"–∂–∏–¥–∫–∏–π, –º–Ω–æ–≥–æ —Å–∞—Ö–∞—Ä–∞."
–õ–µ–Ω—Ç–∞,"–ë–∏–æ–π–æ–≥—É—Ä—Ç –≠–ö–û–ù–ò–í–ê –ö–ª—É–±–Ω–∏–∫–∞, –±–∞–Ω–∞–Ω 2,8%, –±–µ–∑ –∑–º–∂, 125–≥",2023-05-25,5,"–ù–æ–≤—ã–π –π–æ–≥—É—Ä—Ç, –º–Ω–µ –ø–æ–Ω—Ä–∞–≤–∏–ª—Å—è. –ì—É—Å—Ç–æ–π, –Ω–µ –ø—Ä–∏—Ç–æ—Ä–Ω—ã–π, —Å –∫—É—Å–æ—á–∫–∞–º–∏ —Ñ—Ä—É–∫—Ç–æ–≤."
–õ–µ–Ω—Ç–∞,"–ë–∏–æ–π–æ–≥—É—Ä—Ç –≠–ö–û–ù–ò–í–ê –ö–ª—É–±–Ω–∏–∫–∞, –±–∞–Ω–∞–Ω 2,8%, –±–µ–∑ –∑–º–∂, 125–≥",2023-05-23,5,"–æ—á–µ–Ω—å –Ω–µ–ø–ª–æ—Ö–æ–π –π–æ–≥—É—Ä—Ç, –ø–æ –¥–æ—Å—Ç—É–ø–Ω–æ–π —Ü–µ–Ω–µ, –≤ –º–µ—Ä—É —Å–ª–∞–¥–∫–∏–π, –≤ –º–µ—Ä—É –∂–∏—Ä–Ω–æ—Å—Ç—å, –≤–∫—É—Å–æ–≤—ã–µ –∫–∞—á–µ—Å—Ç–≤–∞ —Ç–æ–∂–µ –≤—Å—è —Å–µ–º—å—è –æ—Ü–µ–Ω–∏–ª–∞! —Ä–µ–∫–æ–º–µ–Ω–¥—É—é!"
–õ–µ–Ω—Ç–∞,"–ë–∏–æ–π–æ–≥—É—Ä—Ç –≠–ö–û–ù–ò–í–ê –ö–ª—É–±–Ω–∏–∫–∞, –±–∞–Ω–∞–Ω 2,8%, –±–µ–∑ –∑–º–∂, 125–≥",2023-05-08,4,"–í —Ü–µ–ª–æ–º —Ö–æ—Ä–æ—à–∏–π –π–æ–≥—É—Ä—Ç. –ü–æ–Ω—Ä–∞–≤–∏–ª—Å—è —Å–æ—Å—Ç–∞–≤. –ù–µ —Å–ª–∏—à–∫–æ–º —Å–ª–∞–¥–∫–∏–π. –ù–æ –º–Ω–µ —Å–æ—á–µ—Ç–∞–Ω–∏–µ –∫–ª—É–±–Ω–∏–∫–∞ –±–∞–Ω–∞–Ω –ø—Ä–∏—à–ª–æ—Å—å –Ω–µ –ø–æ –≤–∫—É—Å—É. –í —ç—Ç–æ–π –ª–∏–Ω–µ–π–∫–µ –µ—Å—Ç—å –±–æ–ª–µ–µ –≤–∫—É—Å–Ω—ã–µ, –Ω–∞ –º–æ–π –≤–∑–≥–ª—è–¥"
–õ–µ–Ω—Ç–∞,"–ë–∏–æ–π–æ–≥—É—Ä—Ç –≠–ö–û–ù–ò–í–ê –ö–ª—É–±–Ω–∏–∫–∞, –±–∞–Ω–∞–Ω 2,8%, –±–µ–∑ –∑–º–∂, 125–≥",2023-03-30,5,"–ª–µ–≥–∫–∏–π –∏ –Ω–µ–∂–Ω—ã–π –≤–∫—É—Å –π–æ–≥—É—Ä—Ç–∞,–≤ –Ω–∞—à–µ–π —Å–µ–º—å–µ –≤—Å–µ–º –æ—á–µ–Ω—å –Ω—Ä–∞–≤–∏—Ç—Å—è ??"
–õ–µ–Ω—Ç–∞,"–ë–∏–æ–π–æ–≥—É—Ä—Ç –≠–ö–û–ù–ò–í–ê –ö–ª—É–±–Ω–∏–∫–∞, –±–∞–Ω–∞–Ω 2,8%, –±–µ–∑ –∑–º–∂, 125–≥",2023-03-23,5,"–í–∑—è–ª–∏ –ø–æ –∞–∫—Ü–∏–∏ –ø–æ–ø—Ä–æ–±–æ–≤–∞—Ç—å,–æ–∫–∞–∑–∞–ª—Å—è –æ—á–µ–Ω—å –≤–∫—É—Å–Ω—ã–π –π–æ–≥—É—Ä—Ç –Ω–∞—Ç—É—Ä–∞–ª—å–Ω—ã–π —Å–æ—Å—Ç–∞–≤,–Ω–æ –Ω–µ–º–Ω–æ–≥–æ –∂–∏–¥–∫–æ–≤–∞—Ç ,–Ω–µ–∫—Ä–∏—Ç–∏—á–Ω–æ, —Å–æ–≤–µ—Ç—É—é!!!"
–õ–µ–Ω—Ç–∞,"–ë–∏–æ–π–æ–≥—É—Ä—Ç –≠–ö–û–ù–ò–í–ê –ö–ª—É–±–Ω–∏–∫–∞, –±–∞–Ω–∞–Ω 2,8%, –±–µ–∑ –∑–º–∂, 125–≥",2023-03-22,5,"–í–∑—è–ª–∞ –≤–ø–µ—Ä–≤—ã–µ. –î–µ—Ç—è–º –ø–æ–Ω—Ä–∞–≤–∏–ª–æ—Å—å, —Å–∫–∞–∑–∞–ª–∏ –±–µ—Ä–∏ –µ—â–µ"
–õ–µ–Ω—Ç–∞,"–ë–∏–æ–π–æ–≥—É—Ä—Ç –≠–ö–û–ù–ò–í–ê –ö–ª—É–±–Ω–∏–∫–∞, –±–∞–Ω–∞–Ω 2,8%, –±–µ–∑ –∑–º–∂, 125–≥",2023-03-20,2,–ú–∞–ª–æ —Ñ—Ä—É–∫—Ç–æ–≤. –ñ–∏–¥–∫–∏–π.
–õ–µ–Ω—Ç–∞,"–ë–∏–æ–π–æ–≥—É—Ä—Ç –≠–ö–û–ù–ò–í–ê –ö–ª—É–±–Ω–∏–∫–∞, –±–∞–Ω–∞–Ω 2,8%, –±–µ–∑ –∑–º–∂, 125–≥",2023-03-16,5,–ü–æ–Ω—Ä–∞–≤–∏–ª—Å—è –±—Ä–∞–ª–∞ –≤–ø–µ—Ä–≤—ã–µ
–õ–µ–Ω—Ç–∞,"–ë–∏–æ–π–æ–≥—É—Ä—Ç –≠–ö–û–ù–ò–í–ê –ö–ª—É–±–Ω–∏–∫–∞, –±–∞–Ω–∞–Ω 2,8%, –±–µ–∑ –∑–º–∂, 125–≥",2023-01-29,5,"–í–∫—É—Å–Ω—ã–π –∏ –Ω–µ–∂–Ω—ã–π –π–æ–≥—É—Ä—Ç, –ø—Ä–∞–≤–¥–∞, –∫–∞–∫ –±—ã–ª–æ —É–∂–µ —Å–∫–∞–∑–∞–Ω–æ, –∂–∏–¥–∫–æ–≤–∞—Ç"
–õ–µ–Ω—Ç–∞,"–ë–∏–æ–π–æ–≥—É—Ä—Ç –≠–ö–û–ù–ò–í–ê –ö–ª—É–±–Ω–∏–∫–∞, –±–∞–Ω–∞–Ω 2,8%, –±–µ–∑ –∑–º–∂, 125–≥",2022-10-11,5,"–æ—Ç–ª–∏—á–Ω—ã–π –π–æ–≥—É—Ä—Ç, —Ä–µ–∫–æ–º–µ–Ω–¥—É—é"
–õ–µ–Ω—Ç–∞,"–ë–∏–æ–π–æ–≥—É—Ä—Ç –≠–ö–û–ù–ò–í–ê –ö–ª—É–±–Ω–∏–∫–∞, –±–∞–Ω–∞–Ω 2,8%, –±–µ–∑ –∑–º–∂, 125–≥",2022-10-05,4,–û—á–µ–Ω—å –∂–∏–¥–∫–∏–π –∏ –º–∞–ª–µ–Ω—å–∫–∏–π. –•–æ—Ç—è –≤—Å—é –æ—Å—Ç–∞–ª—å–Ω—É—é –ø—Ä–æ–¥—É–∫—Ü–∏—é —ç—Ç–æ–π —Ñ–∏—Ä–º—ã –æ–±–æ–∂–∞—é.
–õ–µ–Ω—Ç–∞,"–ë–∏–æ–π–æ–≥—É—Ä—Ç –≠–ö–û–ù–ò–í–ê –ö–ª—É–±–Ω–∏–∫–∞, –±–∞–Ω–∞–Ω 2,8%, –±–µ–∑ –∑–º–∂, 125–≥",2022-08-26,5,–ö–ª—É–±–Ω–∏–∫–∞-–±–∞–Ω–∞–Ω - —Ç–æ–ø–æ–≤—ã–π –≤–∫—É—Å!
–õ–µ–Ω—Ç–∞,"–ë–∏–æ–π–æ–≥—É—Ä—Ç –≠–ö–û–ù–ò–í–ê –ö–ª—É–±–Ω–∏–∫–∞, –±–∞–Ω–∞–Ω 2,8%, –±–µ–∑ –∑–º–∂, 125–≥",2022-08-18,5,"–ø–æ–Ω—Ä–∞–≤–∏–ª—Å—è. –≤–∫—É—Å –º–æ–∂–Ω–æ —á—É—Ç—å —É—Å–∏–ª–∏—Ç—å, –Ω–æ —ç—Ç–æ, –≤–∏–¥–∏–º–æ, –±—É–¥–µ—Ç —É–∂–µ –Ω–µ –Ω–∞—Ç—É—Ä–∞–ª—å–Ω—ã–º.  —É —ç—Ç–æ–≥–æ –π–æ–≥—É—Ä—Ç–∞ –≤–∫—É—Å –æ—á–µ–Ω—å –µ—Å—Ç–µ—Å—Ç–≤–µ–Ω–Ω—ã–π, —á–µ–º –æ–Ω –Ω–µ—Å–æ–º–Ω–µ–Ω–Ω–æ —Ö–æ—Ä–æ—à"
–õ–µ–Ω—Ç–∞,"–ë–∏–æ–π–æ–≥—É—Ä—Ç –≠–ö–û–ù–ò–í–ê –ö–ª—É–±–Ω–∏–∫–∞, –±–∞–Ω–∞–Ω 2,8%, –±–µ–∑ –∑–º–∂, 125–≥",2022-08-07,5,–ù–µ–∂–Ω–µ–π—à–∏–π –π–æ–≥—É—Ä—Ç –∏ –æ—á–µ–Ω—å –≤–∫—É—Å–Ω—ã–π. –ê—Ä–æ–º–∞—Ç –∫–ª—É–±–Ω–∏–∫–∏ –∏ –±–∞–Ω–∞–Ω–∞ –æ—á–µ–Ω—å –∞–ø–ø–µ—Ç–∏—Ç–Ω—ã–π)
–õ–µ–Ω—Ç–∞,"–ë–∏–æ–π–æ–≥—É—Ä—Ç –≠–ö–û–ù–ò–í–ê –ö–ª—É–±–Ω–∏–∫–∞, –±–∞–Ω–∞–Ω 2,8%, –±–µ–∑ –∑–º–∂, 125–≥",2022-08-05,5,–õ—é–±–ª—é –∫–ª—É–±–Ω–∏–∫—É –∏  –±–∞–Ω–∞–Ω—ã —Ç–∞–∫–∏–º–∏ –∫–∞–∫–∏–µ –æ–Ω–∏ –µ—Å—Ç—å –≤ —Ä–µ–∞–ª—å–Ω–æ—Å—Ç–∏ –∞ –µ—â
–õ–µ–Ω—Ç–∞,"–ë–∏–æ–π–æ–≥—É—Ä—Ç –≠–ö–û–ù–ò–í–ê –ö–ª—É–±–Ω–∏–∫–∞, –±–∞–Ω–∞–Ω 2,8%, –±–µ–∑ –∑–º–∂, 125–≥",2022-08-05,5,–ú–Ω–µ –Ω—Ä–∞–≤–∏—Ç—Å—è
–õ–µ–Ω—Ç–∞,"–ë–∏–æ–π–æ–≥—É—Ä—Ç –≠–ö–û–ù–ò–í–ê –ö–ª—É–±–Ω–∏–∫–∞, –±–∞–Ω–∞–Ω 2,8%, –±–µ–∑ –∑–º–∂, 125–≥",2022-08-05,5,"–•–æ—Ä–æ—à–µ–µ —Å–æ—á–µ—Ç–∞–Ω–∏–µ –∫–ª—É–±–Ω–∏–∫–∏ –∏ –±–∞–Ω–∞–Ω–∞, –≤ –º–µ—Ä—É –∂–∏–¥–∫–∏–π –∏ –Ω–∞–¥–µ—é—Å—å —á—Ç–æ –ø–æ–ª–µ–∑–Ω—ã–π (–≤ —Å–æ—Å—Ç–∞–≤–µ –Ω–µ –Ω–∞—à–ª–∞ –ï-—à–µ–∫)."
–õ–µ–Ω—Ç–∞,"–ë–∏–æ–π–æ–≥—É—Ä—Ç –≠–ö–û–ù–ò–í–ê –ö–ª—É–±–Ω–∏–∫–∞, –±–∞–Ω–∞–Ω 2,8%, –±–µ–∑ –∑–º–∂, 125–≥",2022-08-04,5,–ø–æ–ª–Ω–æ—Å—Ç—å—é –Ω–∞—Ç—É—Ä–∞–ª—å–Ω—ã–π —Å–æ—Å—Ç–∞–≤ - —Ç–æ —á—Ç–æ –Ω–∞–¥–æ –≤ –Ω–∞—à–µ–π –∂–∏–∑–Ω–∏ –∏ —É —ç—Ç–æ–≥–æ –π–æ–≥—É—Ä—Ç–∞ –æ–Ω –µ—Å—Ç—å!
